name,gender,age,ethnicity,emotion
69351.png,0,1,1,0
68729.png,0,4,3,0
69437.png,0,4,1,0
69423.png,1,4,1,3
69345.png,1,4,0,3
67368.png,1,2,0,3
68073.png,0,4,1,4
67340.png,1,4,0,5
68715.png,1,1,0,3
67426.png,1,1,2,3
68701.png,1,4,0,3
67432.png,0,4,1,3
69379.png,0,4,0,3
68067.png,1,1,0,3
67354.png,1,2,0,3
69392.png,0,4,1,3
68932.png,1,3,1,4
68926.png,1,4,0,3
68098.png,1,4,0,3
69386.png,0,4,0,3
67383.png,0,5,0,4
67397.png,0,4,1,5
69635.png,1,3,0,3
67618.png,1,4,0,3
69153.png,0,2,0,2
68259.png,0,0,1,2
69147.png,1,4,0,4
69621.png,0,4,1,3
69609.png,1,4,0,4
67624.png,1,4,0,3
68517.png,0,2,1,3
67142.png,0,4,1,3
68271.png,0,0,0,3
67156.png,0,4,0,3
68265.png,0,4,1,3
67630.png,1,2,0,3
68503.png,1,2,4,3
67803.png,0,4,3,3
69190.png,0,4,0,3
69184.png,0,1,1,3
67817.png,1,2,0,3
69812.png,1,6,1,3
67181.png,0,4,1,3
67195.png,0,4,1,2
69806.png,0,4,3,3
69999.png,0,4,1,3
69741.png,1,4,0,3
69027.png,0,4,0,3
68339.png,0,1,1,0
69033.png,0,6,1,3
67778.png,1,3,3,2
69755.png,0,4,1,2
67750.png,0,5,0,3
68463.png,1,5,0,3
67988.png,0,4,1,3
67036.png,1,3,0,3
68305.png,1,4,0,3
67022.png,1,5,0,3
68311.png,0,4,3,3
67744.png,0,0,1,3
68477.png,1,0,1,5
69769.png,0,4,0,3
67977.png,0,4,1,4
69782.png,0,1,0,4
67963.png,1,4,0,3
69796.png,0,2,0,3
68488.png,0,6,0,2
67793.png,0,4,0,3
69966.png,0,4,0,4
67787.png,0,4,2,3
69972.png,1,4,1,4
67208.png,0,2,0,3
69225.png,1,0,2,3
69543.png,0,5,1,3
68885.png,0,5,0,0
69557.png,1,1,0,3
68891.png,1,4,0,3
68649.png,0,4,0,3
69231.png,1,2,0,3
68107.png,1,4,0,2
67234.png,0,1,1,4
69219.png,1,6,0,3
68661.png,1,3,1,3
67552.png,0,7,1,0
68675.png,1,4,1,0
67546.png,1,4,0,3
68113.png,0,2,3,3
67220.png,1,4,3,3
69580.png,0,4,0,3
68846.png,0,2,3,0
69594.png,0,4,0,3
68852.png,1,1,0,3
67591.png,1,4,0,3
67585.png,1,2,0,3
67584.png,1,0,0,3
67590.png,1,4,0,3
68853.png,0,2,0,3
69595.png,0,5,0,3
68847.png,0,5,0,3
69581.png,1,0,2,4
67547.png,1,4,2,4
68674.png,1,6,0,3
67221.png,1,4,0,3
68112.png,0,5,0,3
69218.png,1,4,0,3
67235.png,0,0,1,4
68106.png,0,4,0,3
67553.png,1,4,1,3
68660.png,0,4,0,3
68648.png,0,4,1,3
68890.png,1,1,2,4
69556.png,0,4,3,0
69230.png,1,4,0,3
69224.png,0,4,0,3
67209.png,0,4,1,2
68884.png,0,2,1,3
69542.png,1,2,0,3
69973.png,0,4,1,2
67786.png,1,2,0,3
69967.png,1,4,1,3
67792.png,1,3,1,2
68489.png,0,4,0,3
69797.png,1,2,0,3
67962.png,0,0,1,3
69783.png,0,4,2,3
67976.png,0,0,1,3
68310.png,0,0,0,6
67023.png,0,4,0,3
69768.png,0,4,3,3
68476.png,0,1,0,3
67745.png,0,5,0,3
67989.png,1,2,1,3
68462.png,0,0,1,0
67751.png,0,3,0,3
68304.png,0,3,3,4
67037.png,0,2,3,5
69032.png,0,4,1,3
69754.png,0,0,3,2
67779.png,0,1,3,3
69740.png,1,2,0,5
69998.png,0,0,0,3
68338.png,1,3,0,3
69026.png,0,0,0,6
67194.png,0,4,0,3
69807.png,0,4,1,3
69813.png,0,5,0,3
67180.png,0,4,0,3
69185.png,0,2,1,3
67816.png,0,0,1,2
67802.png,0,4,1,5
69191.png,1,1,0,0
68264.png,0,5,1,3
67157.png,1,4,0,3
68502.png,0,6,1,2
67631.png,0,4,3,3
68516.png,1,0,3,3
67625.png,0,4,0,3
69608.png,0,4,0,5
68270.png,0,4,0,3
67143.png,0,2,1,3
69146.png,0,4,3,3
68258.png,1,4,0,0
69620.png,0,5,0,3
67619.png,1,6,0,3
69634.png,1,4,0,3
69152.png,0,4,1,5
67396.png,0,4,0,3
67382.png,1,4,0,3
68927.png,0,4,0,3
69387.png,0,2,0,3
68099.png,0,1,2,3
69393.png,0,2,0,2
68933.png,0,4,0,3
67433.png,1,5,1,4
68700.png,1,4,0,3
67355.png,0,4,1,4
68066.png,0,5,0,4
69378.png,0,4,1,3
67341.png,0,2,1,0
68072.png,0,1,1,2
67427.png,0,3,1,3
68714.png,0,0,2,5
69422.png,0,0,0,2
67369.png,1,4,0,3
69344.png,1,2,0,3
69350.png,0,6,0,3
69436.png,0,2,1,3
68728.png,0,4,0,3
69346.png,1,4,1,3
68058.png,0,4,0,3
69420.png,0,4,3,3
67419.png,0,1,0,0
69434.png,1,1,1,4
69352.png,1,0,2,3
67357.png,0,6,0,3
68064.png,0,4,1,0
67431.png,0,6,0,2
68702.png,0,3,1,3
67425.png,1,2,0,3
68716.png,1,1,2,4
69408.png,0,5,1,0
67343.png,0,5,1,2
68070.png,1,0,1,4
69385.png,1,1,0,3
68925.png,0,4,0,6
68931.png,0,2,1,3
69391.png,1,4,0,3
67394.png,0,4,1,3
68919.png,1,4,0,3
67380.png,1,1,1,5
69622.png,0,0,0,3
67169.png,0,3,1,5
69144.png,0,3,0,3
69150.png,0,4,0,3
69636.png,0,5,1,3
68528.png,1,0,0,3
68500.png,1,2,1,3
67633.png,1,1,2,3
68266.png,1,4,1,3
67155.png,0,4,1,3
69178.png,1,2,1,3
68272.png,0,1,1,2
67141.png,1,4,1,4
68514.png,0,4,1,0
67627.png,0,2,0,3
69839.png,1,4,1,3
67814.png,0,1,0,3
69187.png,0,5,0,3
68299.png,0,1,1,3
69193.png,0,4,0,2
67800.png,1,1,0,3
69805.png,1,4,0,3
67828.png,0,4,0,3
67196.png,1,2,2,3
67182.png,0,4,0,3
69811.png,1,6,1,5
68448.png,1,4,1,4
69756.png,0,6,2,3
69030.png,0,3,1,4
69024.png,0,2,0,2
67009.png,0,4,2,0
69742.png,0,4,0,3
68474.png,0,1,0,4
67747.png,0,3,0,4
68312.png,1,2,0,3
67021.png,0,0,1,4
69018.png,0,1,1,2
68306.png,0,5,0,3
67035.png,1,4,1,3
68460.png,0,4,2,3
67753.png,0,2,1,0
67960.png,0,2,1,3
69795.png,0,6,1,3
67974.png,0,2,1,4
69781.png,0,2,1,5
69959.png,1,3,0,3
67784.png,0,5,0,3
69971.png,0,2,2,3
67948.png,0,3,1,2
67790.png,0,4,3,3
69965.png,1,4,0,3
69232.png,1,4,1,5
69554.png,0,5,1,0
67579.png,0,3,1,3
69540.png,1,4,1,5
68886.png,0,2,1,5
68138.png,0,6,1,3
69226.png,0,4,1,2
67223.png,0,1,0,3
68110.png,0,4,1,4
69568.png,1,4,0,3
67545.png,0,2,0,4
68676.png,0,4,0,3
67551.png,0,1,0,0
68662.png,0,3,0,0
67237.png,0,4,0,3
68104.png,1,4,1,4
68689.png,0,4,0,3
69597.png,1,2,0,3
68851.png,0,1,0,3
69583.png,0,1,1,3
68845.png,0,1,0,4
67586.png,0,4,0,0
67592.png,1,2,0,4
68879.png,0,1,0,3
68878.png,1,4,1,3
67593.png,0,4,1,0
67587.png,0,4,1,2
68844.png,0,4,0,0
69582.png,0,1,0,2
68850.png,0,1,1,4
69596.png,0,5,0,4
68688.png,1,4,1,3
68663.png,0,4,1,2
67550.png,1,7,1,2
68105.png,0,1,1,0
67236.png,1,4,0,3
68111.png,1,4,1,3
67222.png,1,5,0,3
68677.png,1,4,1,2
67544.png,1,2,0,3
69569.png,1,4,0,3
68887.png,1,4,1,0
69541.png,0,4,0,3
69227.png,1,5,1,3
68139.png,0,4,0,3
69233.png,0,5,2,3
67578.png,1,0,2,3
68893.png,1,7,0,2
69555.png,0,4,1,2
69964.png,0,4,1,3
67791.png,1,4,1,3
67949.png,0,4,0,2
69970.png,0,2,3,5
67785.png,0,0,0,0
69958.png,0,3,1,0
69780.png,1,4,0,3
67975.png,0,4,0,0
69794.png,1,4,3,3
67961.png,1,4,1,5
67034.png,0,0,1,3
68307.png,0,1,0,3
69019.png,1,4,3,3
67752.png,1,0,0,0
68461.png,0,5,0,0
67746.png,1,4,2,3
68475.png,0,0,0,5
67020.png,0,4,1,3
68313.png,0,4,0,4
67008.png,1,4,3,3
69025.png,0,4,1,4
69743.png,0,4,1,2
69757.png,1,1,0,3
68449.png,0,1,4,3
69031.png,0,2,1,3
67183.png,0,4,2,3
69810.png,0,4,0,3
67829.png,0,5,0,3
69804.png,0,4,1,3
67197.png,1,2,0,3
69192.png,1,4,0,3
67801.png,1,4,0,3
67815.png,0,3,1,3
69838.png,1,5,0,3
68298.png,0,4,0,3
69186.png,1,4,4,4
67140.png,0,0,3,3
68273.png,0,1,0,3
67626.png,1,1,3,3
68515.png,0,2,2,4
67632.png,0,4,1,5
68501.png,1,1,0,5
69179.png,0,4,0,4
67154.png,0,4,0,3
68267.png,1,0,1,2
69151.png,0,4,1,2
68529.png,0,6,0,3
69637.png,0,6,0,3
69623.png,0,4,3,3
69145.png,0,5,1,3
67168.png,0,2,2,0
67381.png,1,6,0,3
67395.png,0,1,0,3
68918.png,0,6,0,3
68930.png,1,0,0,2
69390.png,1,0,1,2
69384.png,0,4,2,3
68924.png,1,1,0,3
69409.png,1,2,0,3
68717.png,0,6,0,3
67424.png,0,4,0,3
68071.png,0,4,1,0
67342.png,0,1,1,3
68065.png,1,6,2,3
67356.png,1,4,0,3
68703.png,0,4,3,4
67430.png,1,3,0,3
69435.png,1,2,1,3
67418.png,0,6,0,3
69353.png,1,4,0,3
68059.png,1,4,0,3
69347.png,1,4,0,3
69421.png,1,2,0,3
67434.png,0,4,1,4
68707.png,0,4,1,5
69419.png,0,1,3,3
67352.png,0,4,0,4
68061.png,1,1,0,3
67346.png,1,1,0,3
68075.png,0,4,1,3
67420.png,0,4,3,4
68713.png,0,4,1,3
67408.png,0,2,0,3
69425.png,0,4,3,3
69343.png,1,4,0,3
69357.png,1,2,0,3
68049.png,1,1,3,3
69431.png,1,4,1,3
67391.png,0,4,0,2
67385.png,0,4,0,3
68908.png,0,2,1,2
68920.png,1,5,0,4
69380.png,0,4,0,2
69394.png,1,3,0,4
68934.png,1,4,0,4
68263.png,0,0,2,3
67150.png,1,4,0,3
68505.png,1,2,2,3
67636.png,0,2,0,3
68511.png,1,5,0,3
68277.png,1,4,1,3
67144.png,0,3,1,5
69169.png,1,4,0,3
69141.png,0,4,3,3
69627.png,0,4,0,3
68539.png,0,0,2,3
69633.png,0,5,1,3
67178.png,0,4,1,3
69155.png,0,4,3,4
67193.png,1,4,0,2
69800.png,1,4,1,4
69814.png,0,4,1,4
67839.png,0,2,0,3
67187.png,1,4,2,3
69182.png,0,4,2,4
67811.png,1,2,0,3
69828.png,0,4,0,3
67805.png,0,4,4,4
69196.png,0,5,1,3
68288.png,1,4,0,3
69009.png,0,4,3,3
68317.png,0,4,3,3
67024.png,1,2,0,3
68471.png,1,3,0,3
67742.png,0,4,1,3
68465.png,1,4,0,3
67756.png,0,4,0,3
68303.png,1,4,0,3
67030.png,1,4,0,4
69035.png,0,4,0,3
67018.png,1,4,1,3
69753.png,0,1,1,3
68459.png,0,4,1,2
69747.png,0,4,0,4
69021.png,1,3,3,3
67959.png,1,4,0,4
69974.png,0,4,2,4
67781.png,1,4,0,3
69960.png,1,4,1,3
67795.png,0,5,3,4
69790.png,1,4,0,3
67965.png,0,0,3,2
69948.png,0,1,0,4
69784.png,1,4,0,3
67971.png,0,6,0,5
67540.png,1,1,1,3
68673.png,0,5,0,3
67226.png,0,4,0,4
68115.png,1,4,0,3
67232.png,1,4,2,3
68101.png,1,6,1,3
69579.png,1,4,0,3
67554.png,1,4,0,3
68667.png,0,3,1,3
68897.png,0,2,0,3
69551.png,0,4,1,2
68129.png,0,1,1,4
69237.png,0,1,0,4
69223.png,1,4,0,3
68883.png,0,4,1,3
69545.png,1,4,0,3
67568.png,0,6,0,3
67583.png,1,0,0,3
68868.png,0,5,0,3
67597.png,0,5,3,4
68854.png,1,3,0,5
69592.png,1,4,1,5
68698.png,1,1,1,2
68840.png,0,5,0,4
69586.png,1,2,0,3
69587.png,0,3,0,3
68841.png,1,4,1,0
68699.png,1,2,0,3
69593.png,0,1,0,4
68855.png,1,2,0,3
67596.png,0,5,0,3
68869.png,1,2,0,3
67582.png,1,4,0,3
69222.png,1,0,0,3
67569.png,0,6,2,3
69544.png,0,4,0,3
68882.png,1,4,1,3
69550.png,0,3,0,3
68896.png,0,2,2,4
69236.png,1,4,0,4
68128.png,1,4,0,3
68100.png,1,5,1,2
67233.png,0,4,0,3
68666.png,1,6,1,5
67555.png,1,4,0,3
69578.png,0,4,1,0
68672.png,1,0,0,2
67541.png,0,4,2,2
68114.png,0,5,1,3
67227.png,0,7,1,2
67970.png,0,5,0,3
69785.png,1,4,1,0
69949.png,0,2,1,3
67964.png,1,3,3,3
69791.png,1,4,0,3
67794.png,1,2,0,2
69961.png,0,4,3,2
67780.png,0,5,0,0
69975.png,0,3,0,3
67958.png,1,4,1,5
69746.png,0,4,1,3
68458.png,0,2,0,3
69020.png,0,5,0,3
67019.png,0,4,0,4
69034.png,0,2,1,2
69752.png,0,6,0,3
67757.png,0,4,3,3
68464.png,0,4,0,4
67031.png,1,0,2,3
68302.png,0,4,0,3
67025.png,0,1,1,4
68316.png,0,5,3,4
69008.png,1,2,0,3
67743.png,1,4,1,3
68470.png,0,2,1,3
67804.png,0,0,0,3
69829.png,0,5,0,3
68289.png,0,2,0,4
69197.png,0,3,2,4
69183.png,0,4,0,3
67810.png,1,4,0,3
67838.png,0,0,0,3
69815.png,0,4,1,2
67186.png,1,1,3,4
67192.png,0,4,0,0
69801.png,0,5,2,2
69632.png,1,4,1,3
69154.png,0,2,0,4
67179.png,0,1,1,4
69140.png,0,4,0,5
68538.png,0,4,0,3
69626.png,1,4,1,3
67623.png,0,5,0,3
68510.png,1,6,0,3
69168.png,0,4,1,3
67145.png,1,3,1,3
68276.png,1,0,0,3
67151.png,0,4,2,4
68262.png,0,3,1,3
67637.png,0,2,3,3
68504.png,0,3,0,3
69395.png,0,5,0,3
68935.png,1,6,0,3
68921.png,0,4,0,3
69381.png,0,4,0,3
67384.png,0,2,0,2
68909.png,0,2,0,3
67390.png,0,4,0,3
68048.png,0,5,1,3
69356.png,1,4,1,5
69430.png,1,6,0,4
69424.png,0,2,0,3
67409.png,0,4,0,3
69342.png,0,4,3,2
68074.png,0,2,3,3
67347.png,0,5,0,2
68712.png,1,5,0,3
67421.png,0,4,0,2
69418.png,1,0,1,0
68706.png,0,2,2,3
67435.png,0,4,2,4
68060.png,0,4,0,3
67353.png,0,3,2,0
68710.png,0,3,1,3
67423.png,1,4,1,4
69368.png,1,4,0,3
68076.png,1,5,0,3
67345.png,0,1,1,4
68062.png,1,4,2,3
67351.png,0,4,2,6
68704.png,1,4,0,5
67437.png,1,0,1,3
69432.png,1,6,1,3
69354.png,0,5,2,3
67379.png,0,5,1,0
69340.png,0,4,1,5
68738.png,1,3,0,4
69426.png,0,4,1,3
67386.png,1,4,0,3
67392.png,0,4,0,3
68937.png,0,4,1,2
68089.png,0,4,1,3
69397.png,0,5,2,3
69383.png,0,3,0,5
68923.png,0,4,1,3
67147.png,0,4,0,3
68274.png,1,4,0,3
67621.png,0,5,2,3
68512.png,0,5,1,3
69618.png,0,0,0,3
67635.png,1,4,0,3
68506.png,0,5,1,3
67153.png,0,4,0,3
68260.png,1,1,1,4
68248.png,1,4,0,3
69156.png,0,4,0,5
69630.png,1,4,1,2
69624.png,1,6,0,3
67609.png,1,0,0,0
69142.png,0,4,0,3
67184.png,0,1,0,4
69817.png,0,4,1,3
69803.png,0,6,1,0
67190.png,0,1,1,4
69195.png,0,2,2,4
67806.png,1,4,1,4
67812.png,0,0,1,0
69181.png,1,3,0,3
67033.png,0,4,0,3
68300.png,1,6,0,3
67755.png,0,4,1,5
68466.png,1,0,0,3
69778.png,1,4,3,3
67741.png,1,4,1,3
68472.png,0,4,0,3
67999.png,0,4,1,4
67027.png,1,4,3,3
68314.png,0,6,1,5
69022.png,0,4,1,4
67769.png,0,1,1,3
69744.png,0,4,1,3
69988.png,1,2,1,3
69750.png,1,0,0,2
69036.png,0,1,0,2
68328.png,0,4,0,3
69963.png,1,3,0,3
67796.png,0,4,1,5
69977.png,0,3,1,3
67782.png,1,3,1,3
69787.png,1,1,1,3
67972.png,0,4,0,3
68499.png,1,4,0,3
69793.png,1,3,0,4
67966.png,0,0,1,3
68664.png,1,4,0,0
67557.png,1,4,1,3
68102.png,1,1,0,3
67231.png,0,1,0,3
68116.png,0,4,1,3
67225.png,1,4,0,4
69208.png,1,6,0,3
68670.png,0,4,3,3
67543.png,0,4,0,4
68880.png,0,4,1,4
69546.png,0,4,0,3
68658.png,1,4,2,3
69220.png,1,2,0,3
67219.png,0,4,1,2
69234.png,1,4,1,3
68894.png,0,0,0,3
69552.png,1,4,3,3
67594.png,0,4,1,3
67580.png,1,4,1,3
68843.png,0,6,1,2
69585.png,0,6,1,4
68857.png,0,3,3,3
69591.png,0,4,0,3
69590.png,0,5,0,3
68856.png,1,4,1,3
69584.png,1,4,0,3
68842.png,0,4,0,3
67581.png,1,1,3,3
67595.png,1,2,1,3
69235.png,0,2,0,0
67218.png,1,4,0,3
69553.png,0,4,0,3
68895.png,0,4,1,3
68659.png,1,2,0,3
69547.png,0,4,1,3
68881.png,1,4,0,3
69221.png,0,4,0,0
69209.png,0,4,1,0
67224.png,0,0,0,3
68117.png,0,4,0,2
67542.png,0,5,1,3
68671.png,0,4,1,3
67556.png,1,2,0,3
68665.png,1,4,0,3
67230.png,0,6,1,3
68103.png,0,4,0,3
67967.png,1,4,1,3
69792.png,1,1,3,5
68498.png,0,5,0,3
67973.png,1,4,0,3
69786.png,0,0,1,5
67783.png,0,3,1,6
69976.png,1,4,0,3
67797.png,0,1,0,3
69962.png,0,4,1,4
69751.png,0,2,0,3
69989.png,0,5,1,3
68329.png,1,1,0,2
69037.png,0,5,0,3
69023.png,0,4,0,3
69745.png,1,4,1,3
67768.png,1,4,0,4
67998.png,0,4,1,6
68473.png,0,3,0,3
67740.png,1,4,1,3
68315.png,0,4,0,3
67026.png,0,4,0,3
68301.png,0,6,1,3
67032.png,0,7,0,2
69779.png,1,3,1,4
68467.png,0,5,0,2
67754.png,1,4,0,4
67813.png,1,4,1,3
69180.png,1,4,0,3
69194.png,0,0,0,4
67807.png,1,2,1,3
69802.png,1,2,0,3
67191.png,0,4,0,4
67185.png,1,3,0,3
69816.png,0,3,1,4
67608.png,1,1,1,3
69625.png,0,2,0,3
69143.png,0,2,0,4
69157.png,1,4,1,0
68249.png,1,1,1,3
69631.png,1,4,0,4
68507.png,1,4,0,3
67634.png,0,6,0,4
69619.png,0,2,1,2
68261.png,0,4,0,3
67152.png,0,1,1,4
68275.png,0,4,3,3
67146.png,0,4,0,3
68513.png,0,3,1,3
67620.png,0,6,0,3
69382.png,0,5,3,2
68922.png,1,1,0,0
68936.png,0,4,0,0
69396.png,0,4,0,4
68088.png,0,1,0,5
67393.png,0,5,2,3
67387.png,0,4,0,5
69341.png,0,4,1,3
69427.png,0,4,0,3
68739.png,0,4,3,3
69433.png,0,2,0,3
67378.png,0,0,1,6
69355.png,1,4,0,3
67350.png,0,4,0,3
68063.png,0,2,1,3
67436.png,1,4,0,3
68705.png,0,3,1,0
67422.png,0,0,0,0
68711.png,1,4,0,3
67344.png,1,5,0,3
68077.png,0,7,0,3
69369.png,1,1,1,4
67479.png,0,0,0,4
68992.png,1,4,0,3
69454.png,0,4,0,3
69332.png,0,4,0,3
69326.png,0,5,0,3
68038.png,0,4,0,3
68986.png,1,3,0,3
69440.png,1,2,1,0
67445.png,1,1,0,0
68776.png,0,5,1,3
69468.png,0,4,0,3
67323.png,0,1,1,3
68010.png,0,4,1,3
67337.png,1,1,0,3
68004.png,1,4,1,3
67451.png,0,4,3,3
68762.png,0,4,1,4
68951.png,0,4,3,3
69497.png,1,2,1,3
68789.png,0,1,0,0
68945.png,1,1,1,3
69483.png,1,4,0,3
67486.png,1,4,1,3
68979.png,0,4,0,3
67492.png,0,5,1,4
69130.png,0,3,3,3
69656.png,0,4,1,2
68548.png,0,4,0,4
69642.png,1,2,0,2
67109.png,1,0,0,3
69124.png,1,4,0,3
68212.png,0,1,1,4
67121.png,0,4,3,3
68574.png,1,2,1,2
67647.png,0,6,0,3
68560.png,0,6,0,3
67653.png,1,3,1,3
68206.png,0,0,1,0
67135.png,1,2,1,3
69118.png,1,4,3,3
69695.png,0,2,1,3
67860.png,0,4,0,3
69859.png,0,2,0,3
69681.png,0,4,2,3
67874.png,0,4,0,3
69871.png,0,2,0,4
67684.png,1,2,1,3
69865.png,0,4,0,3
67690.png,1,3,0,3
67848.png,1,0,3,4
69044.png,1,5,1,2
67069.png,1,4,0,3
69722.png,0,6,0,3
68428.png,1,2,1,2
69736.png,1,4,1,2
69050.png,1,4,4,3
69078.png,0,5,0,3
68366.png,0,4,1,4
67055.png,0,5,1,4
68400.png,0,4,0,3
67733.png,1,4,0,3
68414.png,0,4,0,3
67727.png,1,4,0,5
68372.png,1,6,0,3
67041.png,0,5,0,4
68399.png,0,0,0,5
69087.png,0,2,3,3
67914.png,1,4,0,3
69939.png,0,2,1,3
67900.png,0,2,1,4
69093.png,0,4,3,6
67096.png,1,4,0,3
67928.png,0,5,2,4
69905.png,1,2,3,0
69911.png,0,6,1,3
67082.png,1,2,1,5
69520.png,0,2,1,3
68158.png,0,4,1,2
69246.png,0,1,0,3
69252.png,0,5,1,3
69534.png,0,2,1,3
67519.png,0,7,0,0
67531.png,0,2,0,3
68602.png,1,4,0,3
67257.png,0,6,0,5
68164.png,0,4,0,2
67243.png,0,4,0,0
68170.png,1,4,1,3
69508.png,0,4,0,3
67525.png,0,0,1,2
68616.png,0,0,0,4
68825.png,1,7,1,2
69285.png,1,4,1,2
69291.png,0,4,3,2
68831.png,0,4,1,3
68819.png,1,4,0,3
67294.png,0,4,0,3
67280.png,0,1,0,4
67281.png,1,1,2,3
68818.png,1,4,2,3
67295.png,0,7,0,3
69290.png,1,3,0,3
68830.png,0,4,0,3
68824.png,0,4,3,3
69284.png,0,4,0,3
68171.png,1,2,0,3
67242.png,0,2,0,3
68617.png,1,4,1,3
67524.png,1,4,1,3
69509.png,0,4,0,4
68603.png,0,0,1,2
67530.png,1,1,0,3
68165.png,1,4,3,3
67256.png,0,3,0,3
69253.png,0,0,0,0
67518.png,1,4,0,3
69535.png,0,2,1,3
69521.png,0,2,0,3
69247.png,0,6,1,3
68159.png,0,4,0,2
69910.png,1,4,0,3
67083.png,0,4,1,3
67097.png,0,4,1,3
69904.png,0,4,0,3
67929.png,1,4,0,3
67901.png,1,1,0,5
69092.png,0,4,0,3
69086.png,1,1,1,3
68398.png,0,2,1,4
69938.png,0,3,2,2
67915.png,0,2,0,3
67726.png,0,4,0,3
68415.png,0,4,0,5
67040.png,0,4,1,3
68373.png,0,2,0,3
67054.png,0,2,2,3
68367.png,0,4,0,3
69079.png,0,4,1,0
67732.png,1,4,0,3
68401.png,1,0,3,3
69737.png,1,3,0,3
68429.png,0,0,0,4
69051.png,1,6,1,5
67068.png,0,4,0,4
69045.png,0,2,0,3
69723.png,0,2,1,3
67849.png,1,5,1,3
67691.png,0,4,1,3
69864.png,1,2,0,3
67685.png,0,2,1,4
69870.png,1,3,1,3
67875.png,1,4,1,0
69680.png,1,2,1,3
69858.png,0,5,3,4
67861.png,0,4,0,2
69694.png,0,5,1,3
67652.png,0,4,0,3
68561.png,1,0,3,3
69119.png,0,2,0,4
67134.png,1,6,0,3
68207.png,1,4,2,3
67120.png,0,5,1,2
68213.png,0,4,0,3
67646.png,0,5,0,3
68575.png,1,2,1,3
69643.png,1,4,1,3
69125.png,0,2,0,2
67108.png,0,0,1,2
69131.png,0,4,0,3
68549.png,0,2,1,3
69657.png,1,4,1,2
67493.png,0,4,0,3
68978.png,0,2,0,3
67487.png,0,5,1,3
69482.png,1,0,0,2
68944.png,1,2,0,3
68788.png,1,0,0,3
69496.png,0,4,0,4
68950.png,1,4,3,3
68005.png,1,4,2,3
67336.png,0,2,0,3
68763.png,1,4,1,3
67450.png,0,0,0,0
69469.png,0,5,3,3
68777.png,0,1,0,4
67444.png,0,2,0,4
68011.png,1,4,0,3
67322.png,0,4,0,3
68039.png,1,1,0,3
69327.png,1,1,1,2
69441.png,0,0,0,3
68987.png,1,4,1,0
69455.png,1,6,1,3
68993.png,0,3,0,4
67478.png,0,1,1,4
69333.png,1,3,0,3
68985.png,1,6,0,4
69443.png,0,4,0,0
69325.png,0,5,1,5
67308.png,1,4,0,3
69331.png,1,2,1,4
68749.png,0,2,1,4
68991.png,0,4,0,3
69457.png,1,2,1,3
68761.png,1,2,1,3
67452.png,0,5,0,3
69319.png,0,4,0,4
68007.png,0,4,3,3
67334.png,1,4,1,3
68013.png,1,4,2,2
67320.png,1,1,1,4
68775.png,0,2,1,2
67446.png,1,2,1,3
68946.png,1,4,3,4
69480.png,0,4,0,2
68952.png,0,1,0,2
69494.png,1,3,0,2
67491.png,0,4,1,2
67485.png,0,4,1,3
68239.png,0,2,1,3
69127.png,0,1,1,3
69641.png,1,4,1,0
69899.png,0,2,0,5
69655.png,1,4,3,0
67678.png,0,2,1,4
69133.png,1,1,2,4
67136.png,1,4,0,3
68205.png,0,4,2,3
67888.png,0,3,0,4
67650.png,1,6,0,3
68563.png,0,0,1,5
69669.png,1,3,1,3
67644.png,0,4,1,4
68577.png,0,4,0,3
67122.png,1,5,0,3
68211.png,0,4,0,3
69682.png,0,2,1,3
67877.png,0,5,0,2
68588.png,1,0,1,4
69696.png,0,0,0,3
67863.png,0,4,1,3
69866.png,1,5,2,2
67693.png,0,6,2,4
69872.png,1,4,1,0
67687.png,1,5,0,3
69053.png,1,2,0,3
67718.png,0,1,2,2
69735.png,0,3,3,3
69721.png,0,2,1,3
69047.png,0,4,0,3
68359.png,0,3,2,3
67042.png,1,4,1,2
68371.png,0,0,1,3
67724.png,1,4,0,3
68417.png,1,4,0,5
69709.png,1,6,0,3
67730.png,1,4,0,2
68403.png,0,5,0,3
67056.png,0,2,0,3
68365.png,1,4,3,3
69090.png,0,5,2,4
67903.png,0,4,3,3
67917.png,0,6,2,4
69084.png,0,4,0,3
67081.png,1,0,0,3
69912.png,1,4,3,3
69906.png,0,4,2,3
67095.png,0,4,0,3
69537.png,0,2,1,2
68629.png,0,4,1,3
69251.png,0,2,1,6
67268.png,0,2,1,4
69245.png,0,1,1,3
69523.png,0,6,0,3
68615.png,1,2,0,3
67526.png,0,4,1,3
68173.png,0,1,3,4
67240.png,0,3,0,3
68167.png,1,2,1,2
67254.png,1,4,2,3
69279.png,0,0,1,3
68601.png,0,5,1,0
67532.png,1,0,3,3
68832.png,0,2,1,3
69292.png,0,4,2,3
69286.png,1,1,0,4
68198.png,1,4,3,3
68826.png,0,5,1,3
67283.png,0,4,0,4
67297.png,1,4,0,3
67296.png,0,4,1,3
67282.png,0,4,3,3
68199.png,0,1,3,3
69287.png,0,1,1,4
68827.png,0,0,3,4
68833.png,1,2,1,3
69293.png,0,0,0,3
69278.png,0,4,0,3
67255.png,0,2,1,3
68166.png,1,2,1,6
67533.png,0,4,0,4
68600.png,0,2,1,4
67527.png,1,4,0,0
68614.png,1,2,3,3
67241.png,0,1,2,0
68172.png,0,4,1,3
69244.png,1,4,0,4
67269.png,0,4,0,4
69522.png,0,5,1,4
68628.png,0,3,0,3
69536.png,0,4,0,0
69250.png,0,4,0,3
69907.png,0,4,0,3
67094.png,0,4,0,2
67080.png,1,4,3,0
69913.png,1,4,0,3
67916.png,1,1,0,3
69085.png,0,5,0,4
69091.png,0,4,2,3
67902.png,0,4,1,4
68402.png,0,4,1,0
67731.png,0,2,1,0
68364.png,0,4,0,3
67057.png,1,1,1,3
68370.png,1,5,1,0
67043.png,1,4,1,3
69708.png,1,4,0,3
68416.png,0,4,1,3
67725.png,0,4,1,4
69720.png,0,1,0,3
68358.png,1,2,1,2
69046.png,0,4,0,3
69052.png,1,5,0,3
69734.png,1,5,1,3
67719.png,0,3,1,3
67686.png,0,5,1,2
69873.png,0,1,0,0
67692.png,0,4,3,0
69867.png,0,4,1,3
67862.png,0,4,1,3
69697.png,1,4,0,3
68589.png,0,4,2,3
67876.png,0,0,1,3
69683.png,0,0,3,3
68576.png,0,3,0,4
67645.png,0,3,1,3
69668.png,0,2,1,4
68210.png,1,4,1,3
67123.png,1,4,0,3
68204.png,1,3,2,4
67137.png,0,0,0,3
68562.png,0,2,1,3
67651.png,0,5,0,3
67889.png,0,1,3,3
67679.png,0,2,1,3
69654.png,1,2,0,3
69132.png,0,4,1,4
69126.png,1,4,0,3
68238.png,1,4,0,0
69898.png,0,7,1,3
69640.png,1,2,1,4
67484.png,0,3,2,3
67490.png,1,6,2,2
69495.png,1,0,0,3
68953.png,0,3,0,3
69481.png,1,1,1,3
68947.png,1,4,0,3
67321.png,1,2,0,3
68012.png,1,6,0,3
67447.png,1,4,0,3
68774.png,1,1,1,2
67453.png,1,3,3,4
68760.png,0,2,0,3
67335.png,1,4,0,3
68006.png,0,5,1,3
69318.png,1,1,0,4
69330.png,1,0,0,3
69456.png,0,4,1,2
68990.png,1,6,1,3
68748.png,1,0,1,4
69442.png,0,4,1,3
68984.png,0,5,0,3
67309.png,0,4,0,2
69324.png,1,4,3,3
68002.png,0,4,0,3
67331.png,0,6,1,3
68764.png,1,3,3,2
67457.png,0,2,3,3
68770.png,0,4,0,3
67443.png,0,4,1,2
69308.png,1,3,1,3
68016.png,0,6,1,4
67325.png,0,4,3,3
69320.png,0,5,0,2
68758.png,0,3,0,3
69446.png,1,4,0,3
68980.png,0,5,1,3
69452.png,0,5,1,6
68994.png,1,4,1,2
69334.png,1,4,0,4
67319.png,1,4,1,3
67494.png,0,6,0,0
67480.png,1,4,3,4
69485.png,0,4,0,3
68943.png,0,2,0,2
69491.png,0,4,0,3
68957.png,0,5,3,4
69678.png,0,7,0,4
67655.png,1,0,1,3
68566.png,0,0,3,4
67133.png,0,2,0,2
68200.png,0,2,1,3
67127.png,0,5,2,3
68214.png,0,4,0,3
67899.png,1,4,0,3
67641.png,0,1,0,3
68572.png,0,4,0,0
69644.png,1,4,1,3
67669.png,1,3,0,3
69122.png,0,5,1,2
68228.png,1,4,1,3
69136.png,0,5,3,3
69650.png,1,1,2,3
69888.png,1,4,3,3
67696.png,0,0,1,0
69863.png,1,3,0,3
67682.png,1,4,0,3
69877.png,0,4,1,3
68599.png,0,2,2,0
67872.png,0,1,0,3
69687.png,0,0,0,0
67866.png,0,1,0,3
69693.png,0,3,0,4
67721.png,1,3,0,3
68412.png,0,4,1,2
67047.png,1,7,1,4
68374.png,0,7,1,3
67053.png,0,4,0,3
68360.png,0,0,1,4
67735.png,0,1,1,4
68406.png,0,4,0,2
69718.png,0,4,3,4
69730.png,1,1,1,3
69056.png,0,0,0,0
68348.png,0,3,0,3
69042.png,0,4,3,3
67709.png,0,1,1,2
69724.png,0,0,0,3
69917.png,1,4,0,3
67084.png,0,1,0,3
67090.png,0,5,1,3
69903.png,1,2,0,3
67906.png,1,6,0,3
69095.png,1,2,1,4
69081.png,1,4,1,4
67912.png,1,1,0,3
68176.png,1,1,0,0
67245.png,0,0,0,3
69268.png,0,4,1,3
68610.png,0,4,1,3
67523.png,0,1,1,5
68604.png,0,4,0,3
67537.png,1,2,3,3
68162.png,1,2,3,3
67251.png,1,4,3,3
67279.png,0,0,1,3
69254.png,0,2,3,3
69532.png,1,3,0,3
69526.png,1,0,0,0
68638.png,0,2,1,3
69240.png,1,4,1,0
67286.png,0,4,0,5
67292.png,1,2,1,2
69297.png,0,2,3,3
68189.png,1,2,0,3
68837.png,0,0,1,0
68823.png,0,3,0,0
69283.png,0,1,1,5
68822.png,1,6,2,3
69282.png,0,3,0,5
68188.png,0,3,0,3
69296.png,0,4,0,3
68836.png,1,0,0,2
67293.png,1,5,0,3
67287.png,0,4,1,3
68639.png,0,5,0,3
69527.png,0,2,2,3
69241.png,0,4,3,3
69255.png,0,2,1,3
67278.png,0,4,1,2
69533.png,0,4,1,3
67536.png,0,1,1,3
68605.png,0,3,0,5
67250.png,0,4,1,4
68163.png,0,1,1,3
69269.png,0,1,0,4
67244.png,1,4,0,5
68177.png,1,4,3,3
67522.png,1,3,1,5
68611.png,1,1,0,3
69080.png,1,4,0,4
67913.png,1,4,0,3
67907.png,1,4,0,3
69094.png,1,2,1,3
67091.png,0,0,1,0
69902.png,0,2,1,4
69916.png,0,2,1,4
67085.png,1,2,0,3
69043.png,0,5,1,3
69725.png,0,1,3,3
67708.png,0,2,0,3
69731.png,0,3,0,3
68349.png,0,3,0,0
69057.png,0,2,2,4
68361.png,0,5,1,3
67052.png,1,1,1,4
69719.png,0,6,0,3
68407.png,1,4,1,4
67734.png,0,2,1,2
68413.png,1,4,1,3
67720.png,1,2,0,3
68375.png,0,4,0,6
67046.png,1,6,1,5
69692.png,1,0,3,3
67867.png,1,3,0,3
69686.png,0,4,0,3
67873.png,1,4,0,3
68598.png,0,1,1,3
69876.png,1,1,0,3
67683.png,0,4,0,4
69862.png,1,2,0,3
67697.png,1,4,0,3
69137.png,0,1,1,3
68229.png,0,4,1,3
69889.png,0,4,0,3
69651.png,0,4,0,4
67668.png,1,4,3,3
69645.png,0,2,0,3
69123.png,1,4,0,3
68215.png,0,5,1,2
67126.png,1,0,3,3
68573.png,0,4,0,3
67640.png,0,3,1,3
67898.png,0,5,0,3
68567.png,1,4,0,3
67654.png,0,2,2,3
69679.png,1,4,0,3
68201.png,1,4,0,3
67132.png,0,2,0,3
68956.png,0,4,1,4
69490.png,0,4,0,3
68942.png,1,2,0,3
69484.png,1,0,2,3
67481.png,0,4,0,3
67495.png,0,4,1,4
68995.png,1,2,1,3
69453.png,0,2,0,3
67318.png,0,1,0,2
69335.png,1,3,0,2
69321.png,1,4,3,2
68981.png,0,0,0,2
69447.png,0,4,1,4
68759.png,1,2,1,2
67442.png,1,1,3,3
68771.png,0,1,1,5
67324.png,0,2,0,3
68017.png,1,6,1,2
69309.png,0,1,0,3
67330.png,0,2,1,0
68003.png,0,2,1,3
67456.png,0,1,1,4
68765.png,0,4,3,4
67326.png,0,5,0,3
68015.png,0,4,3,4
67440.png,0,5,1,3
68773.png,0,4,2,4
67454.png,1,3,3,3
68767.png,1,4,0,3
69479.png,0,5,3,3
67332.png,0,4,0,3
68001.png,0,4,2,6
69337.png,1,2,2,3
68029.png,0,4,0,3
69451.png,0,4,3,3
68997.png,1,3,3,3
67468.png,0,5,0,4
69445.png,1,0,1,2
68983.png,1,1,0,3
69323.png,0,5,0,3
68968.png,0,4,3,3
67483.png,0,4,0,3
67497.png,0,6,3,3
69492.png,1,5,1,3
68954.png,0,5,0,6
69486.png,1,2,1,4
68940.png,1,1,0,3
68798.png,0,3,0,3
68571.png,0,4,1,3
67642.png,1,4,1,5
68217.png,0,2,0,3
67124.png,1,2,0,3
69109.png,1,2,1,3
68203.png,0,4,1,3
67130.png,0,4,1,3
68565.png,0,4,1,3
67656.png,0,2,0,3
69653.png,1,6,2,3
67118.png,0,4,2,4
69135.png,0,5,1,0
69121.png,1,2,0,3
69647.png,0,3,3,3
68559.png,0,4,0,4
67681.png,0,0,0,3
69874.png,0,4,0,2
67859.png,0,3,0,4
67695.png,1,6,1,0
69860.png,0,4,1,2
69848.png,0,2,3,3
67865.png,0,4,1,5
69690.png,1,3,1,5
67871.png,1,4,0,0
69684.png,1,4,0,4
68405.png,1,4,1,4
67736.png,0,2,0,5
68363.png,1,5,1,3
67050.png,1,4,0,3
69069.png,0,4,0,3
68377.png,1,1,2,4
67044.png,1,2,2,3
68411.png,0,5,1,3
67722.png,0,4,0,0
68439.png,1,4,0,3
69727.png,1,0,1,4
69041.png,0,3,1,4
69055.png,1,2,1,3
67078.png,1,4,3,3
69733.png,1,4,0,3
69900.png,1,4,1,5
67093.png,1,5,0,3
67087.png,1,1,0,4
67939.png,1,4,0,3
69914.png,0,4,0,3
67911.png,0,4,0,0
69082.png,1,6,0,3
68388.png,0,6,1,3
69096.png,0,4,1,4
67905.png,1,4,1,3
69928.png,0,4,0,5
67252.png,1,4,1,3
68161.png,0,4,0,5
69519.png,0,3,0,3
67534.png,1,3,0,3
68607.png,1,4,0,3
67520.png,1,4,0,3
68613.png,1,1,0,0
67246.png,0,4,0,3
68175.png,0,4,1,3
69243.png,1,1,0,3
69525.png,1,5,1,3
67508.png,0,4,1,3
69531.png,1,4,3,3
68149.png,0,6,0,3
69257.png,1,2,0,2
67291.png,1,1,0,6
68808.png,1,4,1,0
67285.png,0,3,2,3
69280.png,0,4,0,3
68820.png,1,4,0,3
68834.png,0,4,0,3
69294.png,0,3,0,3
68835.png,0,2,1,3
69295.png,0,4,0,3
69281.png,1,4,2,2
68821.png,0,4,1,3
68809.png,0,7,1,3
67284.png,1,4,0,0
67290.png,1,2,1,3
69530.png,1,2,0,4
69256.png,0,0,1,2
68148.png,1,0,1,0
69242.png,1,0,0,3
67509.png,0,2,0,3
69524.png,0,5,0,2
68612.png,1,4,1,3
67521.png,1,4,1,3
68174.png,0,4,0,0
67247.png,0,4,0,3
68160.png,1,4,1,5
67253.png,0,5,1,3
68606.png,1,1,0,0
67535.png,1,4,1,3
69518.png,1,4,0,3
69097.png,0,4,1,2
68389.png,1,4,1,3
69929.png,0,2,0,3
67904.png,1,1,0,3
67910.png,0,4,0,3
69083.png,0,2,0,3
67086.png,1,5,3,3
69915.png,0,4,0,3
67938.png,0,1,0,3
69901.png,0,2,0,3
67092.png,0,4,2,3
67079.png,0,1,0,3
69054.png,0,2,1,4
69732.png,0,3,0,3
69726.png,0,5,0,3
68438.png,1,4,1,3
69040.png,0,2,0,3
67045.png,0,4,1,4
68376.png,1,6,1,2
69068.png,1,1,0,3
67723.png,1,4,3,4
68410.png,0,1,0,4
67737.png,1,0,1,4
68404.png,0,0,0,2
67051.png,1,2,2,3
68362.png,0,4,0,0
69685.png,0,4,1,4
67870.png,1,7,1,4
69691.png,0,5,0,3
67864.png,0,2,0,3
69849.png,0,3,0,0
69861.png,0,2,1,2
67694.png,0,4,1,3
67858.png,0,0,3,3
69875.png,0,2,1,3
67680.png,0,4,0,3
69120.png,0,6,1,3
68558.png,0,5,2,6
69646.png,0,4,0,3
69652.png,1,6,0,5
69134.png,0,4,0,4
67119.png,0,1,0,3
67131.png,0,4,1,0
68202.png,1,4,1,3
67657.png,1,0,1,3
68564.png,0,1,1,0
67643.png,1,0,3,3
68570.png,0,4,0,3
69108.png,1,6,0,3
67125.png,0,2,1,2
68216.png,1,0,0,4
68799.png,0,4,0,3
68941.png,0,1,0,4
69487.png,0,4,0,3
68955.png,0,0,1,2
69493.png,1,1,2,3
67496.png,0,4,0,3
67482.png,0,2,0,3
68969.png,0,1,1,0
68982.png,0,7,1,2
69444.png,1,2,1,2
67469.png,0,4,1,0
69322.png,1,1,3,3
68028.png,0,3,0,3
69336.png,1,4,0,4
68996.png,0,2,0,4
69450.png,0,4,0,3
69478.png,0,4,0,3
68766.png,0,4,1,2
67455.png,1,2,0,3
68000.png,0,4,0,3
67333.png,0,5,0,3
68014.png,1,6,0,3
67327.png,1,4,1,3
68772.png,1,4,1,0
67441.png,1,4,0,5
67458.png,0,1,0,3
69475.png,0,6,0,3
69313.png,0,4,0,3
69307.png,1,1,0,3
68019.png,1,4,0,3
69461.png,0,2,0,3
67464.png,0,4,0,3
68757.png,1,4,0,3
69449.png,1,4,0,3
67302.png,0,4,1,3
68031.png,1,0,0,3
67316.png,0,4,3,3
68025.png,0,2,0,3
67470.png,1,4,0,3
68743.png,0,2,1,3
68970.png,0,4,0,3
68964.png,1,6,1,3
68794.png,0,5,0,0
68958.png,1,1,0,3
68780.png,0,4,0,4
69111.png,0,3,0,5
69677.png,0,4,1,4
67882.png,0,4,0,3
68569.png,1,4,1,3
69663.png,0,6,1,4
67896.png,0,2,0,3
67128.png,0,1,1,2
69105.png,1,1,0,3
68233.png,0,4,1,2
67100.png,0,4,2,3
69893.png,0,1,0,3
68555.png,1,4,3,3
67666.png,1,3,0,3
69887.png,0,2,1,5
68541.png,0,4,0,0
67672.png,0,1,0,3
68227.png,1,1,1,3
67114.png,0,5,1,4
69139.png,1,2,0,3
67699.png,1,1,0,3
67841.png,0,4,0,0
69878.png,0,1,0,3
67855.png,0,2,1,3
67406 copy.png,0,4,1,3
69850.png,0,0,0,3
68596.png,1,4,0,3
69688.png,0,4,1,0
69844.png,1,4,0,3
68582.png,0,1,0,4
67869.png,1,2,3,3
69065.png,0,4,0,3
67048.png,0,4,1,2
69703.png,0,4,3,0
68409.png,1,2,0,3
69717.png,1,0,1,3
69071.png,1,1,1,2
69059.png,1,4,0,2
68347.png,0,4,1,3
67074.png,0,7,0,0
68421.png,1,4,0,4
67712.png,0,5,1,4
68435.png,0,0,0,3
67706.png,0,0,0,2
68353.png,1,3,1,3
67060.png,0,3,1,5
67935.png,0,1,2,3
69918.png,1,1,0,3
67921.png,1,4,2,3
68384.png,1,6,1,3
67909.png,1,4,1,3
69924.png,0,4,0,3
69930.png,0,4,0,4
68390.png,0,2,1,3
69501.png,0,5,1,0
68179.png,0,5,0,6
69267.png,0,4,1,3
69273.png,0,4,0,3
69515.png,1,5,1,4
67538.png,1,3,0,4
67510.png,0,5,0,3
68623.png,0,1,1,4
67276.png,0,4,3,3
68145.png,1,5,0,3
67262.png,0,4,3,3
68151.png,0,3,1,3
69529.png,1,4,0,3
67504.png,0,0,1,4
68637.png,1,4,1,3
68804.png,0,3,0,3
67289.png,1,1,1,5
68810.png,1,3,0,3
68838.png,1,5,1,4
69298.png,1,4,3,3
68186.png,1,1,0,5
68192.png,0,2,1,3
68193.png,0,4,1,4
68839.png,1,3,0,3
68187.png,0,4,0,3
69299.png,0,1,1,0
68811.png,1,4,0,3
68805.png,0,3,1,3
67288.png,0,2,1,3
68150.png,1,4,1,2
67263.png,0,3,3,3
68636.png,0,4,3,3
67505.png,1,4,0,3
69528.png,0,5,3,4
68622.png,1,4,3,3
67511.png,0,4,0,3
68144.png,0,2,0,3
67277.png,0,4,0,3
69272.png,1,2,2,2
67539.png,1,2,1,5
69514.png,0,1,0,4
69500.png,1,4,0,3
69266.png,0,5,0,3
68178.png,0,3,0,4
69931.png,0,4,0,5
68391.png,0,4,0,3
68385.png,0,2,1,3
69925.png,0,4,0,3
67908.png,0,5,0,2
67920.png,0,5,0,3
69919.png,1,3,0,3
67934.png,0,5,0,4
67707.png,0,5,0,4
68434.png,1,4,3,3
67061.png,0,4,1,2
68352.png,0,4,0,3
67075.png,1,4,0,3
68346.png,1,0,1,3
69058.png,0,2,0,3
67713.png,0,4,0,0
68420.png,0,7,1,0
69716.png,1,4,2,2
68408.png,1,0,0,5
69070.png,1,1,0,3
67049.png,0,6,1,0
69064.png,1,4,0,3
69702.png,0,0,1,3
67868.png,1,2,1,5
68583.png,1,4,2,3
69845.png,1,2,0,3
69689.png,0,6,0,3
68597.png,0,5,1,3
69851.png,0,4,0,2
67854.png,0,3,3,3
69879.png,0,2,1,3
67840.png,0,3,0,3
67698.png,0,4,0,3
67673.png,0,0,1,4
68540.png,1,6,0,3
69886.png,1,4,1,4
69138.png,0,5,0,3
67115.png,0,1,0,3
68226.png,0,5,1,3
67101.png,0,1,1,3
68232.png,0,4,0,5
67667.png,1,4,2,3
68554.png,1,4,0,3
69892.png,1,1,0,3
67897.png,0,4,1,2
69662.png,1,4,0,3
69104.png,0,2,2,3
67129.png,0,4,0,3
69110.png,1,0,0,3
68568.png,0,4,3,3
67883.png,0,5,1,4
69676.png,0,0,0,3
68781.png,1,5,0,3
68959.png,0,4,0,6
68795.png,1,0,0,3
68965.png,0,4,2,3
68971.png,0,4,0,3
68024.png,0,1,1,4
67317.png,1,1,1,3
68742.png,1,1,1,2
67471.png,1,3,2,4
69448.png,0,4,1,4
68756.png,0,5,0,3
67465.png,1,4,0,3
68030.png,0,4,1,3
67303.png,1,0,0,3
68018.png,0,4,1,2
69306.png,0,1,3,3
69460.png,0,2,1,2
69474.png,0,4,1,0
67459.png,1,4,0,3
69312.png,1,1,0,3
69462.png,1,4,3,3
69304.png,1,1,0,5
67329.png,0,1,1,4
69310.png,0,6,0,3
68768.png,0,4,1,3
69476.png,0,1,0,2
68740.png,0,1,0,2
67473.png,0,4,1,3
68998.png,0,0,1,3
69338.png,0,2,0,4
68026.png,0,4,1,3
67315.png,0,4,0,2
68032.png,0,4,1,3
67301.png,0,1,1,4
68754.png,1,3,0,5
67467.png,0,4,0,3
68967.png,0,4,1,3
68973.png,0,5,0,4
67498.png,0,4,1,2
68783.png,1,2,1,3
69489.png,1,0,0,5
68797.png,1,6,3,3
68218.png,1,4,3,3
69106.png,1,6,0,0
69660.png,1,3,1,3
67895.png,1,2,3,3
69674.png,1,4,1,3
67881.png,0,4,0,2
67659.png,1,0,0,3
69112.png,1,6,3,4
67117.png,0,3,2,3
68224.png,0,0,1,4
69884.png,0,4,1,4
67671.png,1,4,0,3
68542.png,0,4,1,2
69648.png,0,4,1,0
69890.png,1,7,1,2
67665.png,0,4,1,2
68556.png,0,3,3,5
67103.png,0,4,0,3
68230.png,1,4,3,3
67856.png,0,2,1,0
67842.png,1,4,0,3
69847.png,0,2,2,0
68581.png,0,1,0,3
69853.png,0,4,1,3
68595.png,0,5,3,3
69072.png,0,4,3,4
67739.png,0,4,1,4
69714.png,1,2,1,3
69700.png,1,1,1,3
69066.png,0,4,1,4
68378.png,0,6,0,3
67063.png,1,5,0,3
68350.png,0,4,0,3
67705.png,0,4,0,3
68436.png,1,1,1,3
69728.png,1,3,2,3
67711.png,1,5,0,3
68422.png,0,4,1,4
67077.png,0,2,1,2
68344.png,0,5,0,3
67922.png,1,4,1,3
67936.png,1,2,3,3
67088.png,1,4,0,3
68393.png,1,2,0,4
69933.png,0,4,1,2
69927.png,0,5,0,2
68387.png,0,5,1,4
69099.png,0,4,1,2
69516.png,1,2,1,3
68608.png,0,2,0,3
69270.png,0,0,1,4
67249.png,0,0,1,2
69264.png,0,3,1,2
69502.png,0,2,1,3
68634.png,0,4,2,3
67507.png,0,5,0,3
68152.png,0,4,0,4
67261.png,0,5,1,3
68146.png,1,4,1,3
67275.png,0,4,0,3
69258.png,0,6,0,3
68620.png,0,1,1,5
67513.png,0,4,0,2
68813.png,0,2,2,3
68807.png,0,7,1,2
68191.png,1,4,0,3
68185.png,1,1,0,3
68184.png,1,6,1,4
68190.png,0,4,0,2
68806.png,0,7,1,3
68812.png,1,4,0,0
69259.png,1,4,1,2
67274.png,0,4,1,3
68147.png,0,1,1,4
67512.png,1,4,4,3
68621.png,0,2,1,3
67506.png,0,1,0,4
68635.png,0,4,1,3
67260.png,0,1,0,3
68153.png,0,4,1,2
69265.png,0,4,0,3
67248.png,1,1,0,3
69503.png,1,4,0,3
68609.png,1,4,1,3
69517.png,0,4,0,3
69271.png,1,3,2,3
69926.png,1,3,1,3
69098.png,0,0,1,5
68386.png,0,0,1,3
68392.png,0,2,1,3
69932.png,0,5,1,5
67937.png,0,1,3,3
67089.png,0,5,0,3
67923.png,1,4,1,2
68423.png,0,4,1,3
67710.png,1,0,0,3
68345.png,0,5,1,0
67076.png,1,1,1,5
68351.png,0,4,0,3
67062.png,1,4,0,3
69729.png,0,7,1,4
68437.png,0,2,3,3
67704.png,1,4,0,3
69701.png,0,2,1,4
68379.png,0,1,0,3
69067.png,0,1,0,3
69073.png,1,4,2,3
69715.png,0,2,0,3
67738.png,0,4,3,3
68594.png,0,4,3,3
69852.png,0,4,0,2
68580.png,0,5,0,0
69846.png,0,4,0,3
67843.png,1,4,1,3
67857.png,1,4,0,3
68557.png,1,4,1,3
67664.png,1,6,0,4
69891.png,1,5,0,3
69649.png,1,4,0,3
68231.png,0,4,1,4
67102.png,1,0,3,3
68225.png,1,1,0,5
67116.png,0,2,0,3
68543.png,1,4,1,4
67670.png,1,0,1,3
69885.png,0,6,2,1
67658.png,1,4,0,3
67880.png,1,6,0,3
69675.png,0,0,1,2
69113.png,0,0,1,5
69107.png,0,4,3,0
68219.png,0,4,1,3
67894.png,1,4,0,3
69661.png,1,5,2,3
68796.png,0,0,0,3
69488.png,0,1,0,2
68782.png,0,2,1,4
67499.png,0,7,0,4
68972.png,1,4,1,3
68966.png,0,2,1,4
67300.png,0,4,0,2
68033.png,0,6,0,4
67466.png,1,1,0,3
68755.png,1,1,0,3
68999.png,1,4,1,3
67472.png,0,4,0,3
68741.png,0,0,0,0
67314.png,0,4,0,3
68027.png,0,2,1,4
69339.png,0,4,1,3
69311.png,1,4,0,3
69477.png,0,2,1,3
68769.png,0,2,0,3
69463.png,0,2,0,3
67328.png,1,4,3,3
69305.png,1,3,2,3
68023.png,1,0,0,3
67310.png,0,2,0,3
68745.png,0,1,0,3
67476.png,1,4,0,3
68751.png,1,6,1,3
67462.png,1,0,2,3
68989.png,0,4,0,3
69329.png,0,2,0,3
68037.png,0,4,1,4
67304.png,0,0,0,3
69301.png,0,4,0,3
68779.png,0,1,0,0
69467.png,0,1,1,3
69473.png,0,4,0,3
69315.png,1,4,0,0
67338.png,0,5,2,3
69498.png,1,4,0,4
68786.png,1,4,0,3
68792.png,1,1,1,3
68962.png,1,2,0,3
67489.png,0,4,0,4
68976.png,0,5,0,5
69659.png,1,2,0,3
67674.png,0,4,1,5
68547.png,1,2,2,3
69881.png,0,4,0,5
67112.png,1,4,0,3
68221.png,0,4,0,3
67106.png,1,6,0,5
68235.png,0,4,0,3
67660.png,0,4,1,3
68553.png,1,4,0,5
69895.png,1,4,1,3
67890.png,1,4,0,3
69665.png,0,2,1,3
67648.png,0,4,0,5
69103.png,0,3,1,0
68209.png,1,4,0,3
69117.png,0,4,0,3
67884.png,0,4,0,4
69671.png,0,4,1,3
68584.png,0,3,0,3
69842.png,1,1,3,4
68590.png,1,4,0,3
69856.png,0,4,1,2
67853.png,0,3,3,3
67847.png,1,7,1,2
67700.png,0,3,1,3
68433.png,0,4,0,3
67066.png,1,4,0,6
68355.png,0,4,0,4
67072.png,0,6,1,3
68341.png,1,6,0,3
67714.png,1,7,0,3
68427.png,0,5,0,4
69739.png,0,5,1,4
69711.png,0,3,1,4
69077.png,0,5,0,3
68369.png,1,4,0,3
69063.png,0,6,0,3
67728.png,1,4,0,3
69705.png,0,1,1,3
69936.png,0,4,3,3
68396.png,0,2,0,3
69088.png,0,4,0,3
68382.png,0,4,1,0
69922.png,0,1,2,0
67927.png,1,5,0,3
67099.png,0,5,0,3
67933.png,0,4,1,4
68157.png,1,1,0,5
67264.png,0,2,2,3
69249.png,0,5,0,3
68631.png,0,4,3,3
67502.png,0,4,0,3
68625.png,0,2,0,0
67516.png,0,4,3,3
68143.png,1,4,0,3
67270.png,0,2,1,3
67258.png,0,1,1,3
69275.png,0,4,3,3
69513.png,0,1,3,3
69507.png,0,1,1,3
68619.png,0,4,0,3
69261.png,1,4,0,4
68194.png,1,5,1,3
68180.png,0,4,1,3
68816.png,0,4,2,2
68802.png,0,4,1,3
68803.png,0,1,3,3
68817.png,1,6,1,3
68181.png,1,4,0,3
68195.png,0,0,0,0
68618.png,1,2,0,3
69506.png,0,1,1,2
69260.png,1,2,1,2
69274.png,1,4,1,3
67259.png,1,2,2,4
69512.png,1,4,0,3
67517.png,1,2,2,3
68624.png,0,4,1,5
67271.png,0,5,0,3
68142.png,1,2,0,3
69248.png,0,2,0,3
67265.png,1,4,0,3
68156.png,1,5,0,3
67503.png,1,2,0,2
68630.png,0,4,1,0
67932.png,0,0,0,3
67926.png,0,5,0,2
67098.png,0,5,0,2
68383.png,1,2,1,3
69923.png,0,6,2,3
69937.png,1,1,2,4
69089.png,1,5,1,5
68397.png,0,4,1,3
69062.png,0,4,0,3
69704.png,1,4,1,2
67729.png,0,4,1,2
69710.png,0,1,3,3
68368.png,0,5,0,3
69076.png,0,4,1,3
68340.png,0,4,1,3
67073.png,0,1,1,3
69738.png,1,2,2,3
68426.png,0,2,1,0
67715.png,1,1,3,3
68432.png,1,4,0,0
67701.png,0,5,3,3
68354.png,0,4,2,4
67067.png,1,4,1,3
67846.png,0,0,1,4
67852.png,1,2,1,2
69857.png,1,4,0,3
68591.png,1,2,0,3
69843.png,1,2,2,0
68585.png,0,2,0,3
69116.png,0,4,0,3
68208.png,1,1,1,3
69670.png,0,4,1,3
67885.png,1,6,0,3
67649.png,1,4,1,3
69664.png,0,2,1,0
67891.png,1,1,0,4
69102.png,0,3,1,4
68234.png,1,1,0,3
67107.png,0,1,0,3
69894.png,1,2,0,3
68552.png,1,4,0,3
67661.png,0,1,0,3
69880.png,0,2,0,3
68546.png,1,2,0,3
67675.png,0,0,1,5
69658.png,0,0,0,4
68220.png,0,2,1,3
67113.png,1,4,0,3
68977.png,0,0,1,0
67488.png,1,1,1,5
68963.png,0,4,1,3
68793.png,1,6,1,0
68787.png,0,4,3,3
69499.png,1,2,0,3
69472.png,1,2,0,3
67339.png,0,4,1,4
69314.png,0,4,0,3
69300.png,0,4,0,3
69466.png,0,4,1,3
68778.png,1,2,0,3
68988.png,0,4,0,3
67463.png,1,6,2,4
68750.png,0,4,0,3
67305.png,0,4,1,3
68036.png,0,3,0,3
69328.png,0,7,0,2
67311.png,1,5,0,5
68022.png,1,5,1,3
67477.png,0,4,1,3
68744.png,1,1,0,3
67307.png,0,4,0,4
68034.png,1,4,0,2
67461.png,1,4,2,3
68752.png,1,4,0,3
67475.png,0,1,0,3
68746.png,1,0,1,3
69458.png,0,4,1,3
67313.png,0,2,3,5
68020.png,0,5,1,4
69316.png,0,2,1,3
68008.png,0,5,0,0
69470.png,1,0,0,3
67449.png,0,1,1,4
69464.png,0,2,0,3
69302.png,0,0,2,4
68949.png,1,0,0,3
68791.png,0,4,1,3
68785.png,0,6,0,3
68975.png,1,2,0,3
68961.png,0,4,1,0
68550.png,0,4,0,2
67663.png,0,4,3,3
69896.png,1,0,0,2
68236.png,1,2,0,3
67105.png,0,1,0,2
69128.png,0,4,1,3
68222.png,1,0,2,4
67111.png,1,4,0,5
68544.png,0,3,0,5
67677.png,0,4,0,3
69882.png,1,2,0,3
67887.png,0,1,1,5
69672.png,0,4,3,3
67139.png,0,2,0,3
69114.png,0,4,1,6
69100.png,1,2,0,3
67893.png,0,4,0,3
69666.png,0,4,0,3
68578.png,1,2,2,3
68593.png,0,3,0,3
69855.png,0,4,3,3
67878.png,0,3,0,3
68587.png,0,4,1,3
69841.png,0,4,0,3
69699.png,0,1,1,3
69869.png,0,4,1,2
67844.png,0,4,1,5
67688.png,1,4,1,3
67850.png,0,2,1,3
68424.png,1,0,1,4
67717.png,1,2,0,3
68342.png,1,2,3,5
67071.png,0,4,0,3
69048.png,0,6,0,5
68356.png,0,5,0,3
67065.png,0,5,0,3
68430.png,1,4,0,3
67703.png,0,4,1,3
68418.png,0,4,0,3
69706.png,1,4,1,3
69060.png,1,6,1,2
69074.png,1,4,0,3
67059.png,0,0,1,5
69712.png,1,4,1,4
69921.png,1,5,4,3
68381.png,0,2,0,3
68395.png,1,1,1,3
67918.png,1,4,1,2
69935.png,1,4,1,2
67930.png,1,2,0,3
67924.png,0,3,1,3
69909.png,0,4,1,5
67273.png,1,0,3,3
68140.png,1,4,3,3
69538.png,1,4,1,3
67515.png,1,6,0,3
68626.png,0,4,1,4
67501.png,1,2,0,3
68632.png,0,4,0,3
67267.png,1,4,0,4
68154.png,0,4,1,6
69262.png,0,4,0,3
69504.png,0,3,0,3
67529.png,1,4,1,3
69510.png,0,4,1,0
68168.png,0,2,2,3
69276.png,1,5,0,5
68183.png,0,0,0,3
68829.png,0,4,1,0
69289.png,1,3,0,3
68197.png,0,4,0,3
68801.png,1,2,0,3
68815.png,1,5,0,3
67298.png,0,4,1,4
68814.png,0,5,0,3
67299.png,0,0,1,0
68800.png,0,5,0,3
68828.png,0,4,0,3
68196.png,1,4,0,2
69288.png,1,4,1,3
68182.png,0,0,0,0
69511.png,0,6,0,3
69277.png,0,2,0,3
68169.png,0,4,1,3
69263.png,0,4,0,4
67528.png,1,3,2,4
69505.png,0,4,1,5
68633.png,1,4,0,3
67500.png,0,3,3,3
68155.png,0,4,0,3
67266.png,1,4,0,3
68141.png,0,2,0,4
67272.png,1,4,3,4
68627.png,0,6,2,3
67514.png,1,4,0,3
69539.png,0,4,1,4
69908.png,1,3,0,3
67925.png,0,2,0,3
67931.png,0,4,1,3
68394.png,0,3,0,3
69934.png,1,4,0,3
67919.png,0,4,1,3
69920.png,0,0,0,3
68380.png,0,4,0,3
67058.png,0,4,2,3
69075.png,1,4,0,3
69713.png,0,4,1,3
69707.png,0,2,0,3
68419.png,0,4,0,3
69061.png,1,1,0,3
67064.png,0,4,0,4
68357.png,0,4,0,3
69049.png,1,3,1,4
67702.png,0,1,1,3
68431.png,0,0,0,2
67716.png,1,3,0,0
68425.png,1,4,1,3
67070.png,1,1,0,3
68343.png,1,2,1,4
67851.png,0,4,1,5
67689.png,0,2,0,3
67845.png,1,6,0,3
69868.png,0,3,0,3
69698.png,1,4,0,3
69840.png,1,1,0,3
68586.png,0,0,0,3
67879.png,0,0,1,3
69854.png,0,4,0,3
68592.png,0,4,0,2
69101.png,0,4,1,5
68579.png,0,4,3,3
69667.png,0,5,1,0
67892.png,0,1,0,4
69673.png,1,4,0,2
67886.png,1,3,0,3
69115.png,0,2,1,2
67138.png,1,4,1,5
67110.png,0,3,0,4
68223.png,0,4,0,5
69883.png,1,4,1,3
67676.png,0,0,1,5
68545.png,0,4,0,0
69897.png,1,4,1,3
67662.png,1,6,0,3
68551.png,1,2,0,0
69129.png,0,4,1,3
67104.png,0,4,0,3
68237.png,1,4,0,3
68960.png,0,4,0,3
68974.png,1,1,0,3
68784.png,1,5,0,0
68790.png,0,4,0,3
68948.png,1,4,3,3
69465.png,1,4,0,3
67448.png,1,4,3,3
69303.png,0,5,1,2
68009.png,1,1,1,3
69317.png,1,1,1,2
69471.png,1,1,1,3
69459.png,1,4,0,3
68747.png,0,4,0,3
67474.png,1,0,3,3
68021.png,0,5,0,3
67312.png,1,5,0,4
68035.png,1,6,0,3
67306.png,0,4,0,3
68753.png,0,4,1,3
67460.png,0,5,0,3
69370.png,1,0,3,3
68708.png,1,4,1,3
69416.png,0,2,1,0
69402.png,0,5,0,3
69364.png,0,4,1,4
67349.png,0,4,0,3
68052.png,0,4,0,3
67361.png,1,5,0,3
68734.png,0,1,1,4
67407.png,0,4,1,3
68720.png,1,4,0,3
67413.png,0,0,1,4
69358.png,0,4,0,0
68046.png,0,5,0,0
67375.png,0,1,0,3
68913.png,0,4,1,3
68907.png,1,4,1,2
68091.png,1,4,0,3
68085.png,0,5,0,3
69614.png,1,4,0,3
67639.png,1,1,2,3
69172.png,0,1,0,3
68278.png,0,4,3,3
69166.png,1,1,2,3
69600.png,0,4,0,3
69628.png,1,0,1,3
67605.png,0,4,1,2
68536.png,1,1,1,3
67163.png,1,4,0,0
68250.png,0,3,2,4
67177.png,0,4,0,3
68244.png,1,4,0,3
67611.png,0,4,0,3
68522.png,0,5,0,2
67822.png,0,4,2,3
67188.png,0,5,0,3
67836.png,1,5,1,4
69833.png,0,2,0,2
68293.png,0,4,1,3
69199.png,0,4,1,3
68287.png,0,5,0,3
69827.png,0,4,1,3
67995.png,1,0,1,5
69760.png,0,6,0,3
69006.png,1,6,0,3
68318.png,0,2,2,4
69012.png,0,4,0,4
67759.png,0,1,0,3
67981.png,0,4,0,4
69774.png,0,6,0,0
67771.png,1,4,0,3
68442.png,0,4,0,3
69984.png,1,0,3,3
67017.png,1,4,0,0
68324.png,0,0,0,0
67003.png,1,4,1,0
68330.png,1,4,0,3
67765.png,1,4,0,3
68456.png,0,3,0,3
69990.png,1,0,1,3
69748.png,1,2,0,2
67956.png,0,4,0,3
67942.png,0,2,0,3
68481.png,1,5,0,3
69947.png,0,4,1,3
68495.png,1,2,1,5
69953.png,0,5,0,3
67229.png,0,2,0,2
69204.png,0,7,1,5
69562.png,0,4,1,5
69576.png,0,4,1,3
68668.png,0,2,1,3
69210.png,0,4,0,3
68126.png,1,4,0,5
67215.png,0,4,2,3
69238.png,0,4,0,0
68898.png,0,4,1,3
68640.png,0,4,0,3
67573.png,0,4,0,3
68654.png,0,1,0,0
67567.png,0,4,0,3
68132.png,0,0,0,4
67201.png,1,5,1,3
68867.png,1,4,0,3
67598.png,0,4,1,3
68873.png,1,3,0,4
68683.png,1,4,0,4
68697.png,0,4,1,5
69589.png,0,4,0,3
69588.png,0,1,2,4
68696.png,1,4,1,3
68682.png,0,4,1,3
68872.png,0,4,1,3
67599.png,1,4,0,3
68866.png,0,4,3,5
67566.png,0,3,0,4
68655.png,1,4,1,3
67200.png,0,4,0,3
68133.png,1,4,0,3
69239.png,1,4,1,0
67214.png,0,2,1,3
68127.png,0,4,1,4
67572.png,0,4,0,4
68641.png,1,4,0,0
68899.png,0,4,0,3
68669.png,0,5,0,3
69577.png,0,4,0,5
69211.png,1,4,0,4
69205.png,1,4,0,3
67228.png,0,1,0,2
69563.png,0,3,1,3
69952.png,0,4,1,3
68494.png,0,5,0,3
69946.png,1,1,0,3
68480.png,0,4,1,0
67943.png,1,5,1,3
67957.png,0,1,0,4
68331.png,0,4,0,3
67002.png,1,3,0,3
69749.png,1,6,1,3
69991.png,0,4,0,3
68457.png,0,0,1,3
67764.png,0,6,0,3
69985.png,0,5,0,3
68443.png,1,4,0,3
67770.png,0,4,1,0
68325.png,0,4,1,3
67016.png,1,5,0,2
69013.png,1,6,0,0
69775.png,0,4,2,3
67980.png,0,3,2,4
67758.png,1,1,1,5
69761.png,0,1,2,4
67994.png,0,3,3,3
68319.png,0,0,1,3
69007.png,0,2,0,3
68286.png,0,4,3,3
69198.png,1,6,1,4
69826.png,1,4,0,3
69832.png,0,4,0,4
68292.png,0,4,2,6
67189.png,0,4,0,3
67837.png,1,4,1,3
67823.png,0,4,0,3
68245.png,0,4,3,3
67176.png,1,4,1,4
68523.png,1,1,0,3
67610.png,0,4,0,3
68537.png,1,1,3,3
67604.png,0,2,0,2
69629.png,1,1,0,3
68251.png,0,1,0,5
67162.png,1,3,2,3
69167.png,0,4,1,3
68279.png,1,3,0,3
69601.png,0,4,0,3
67638.png,0,2,0,3
69615.png,0,0,0,0
69173.png,1,1,0,0
68084.png,0,4,1,5
68090.png,0,4,0,3
68906.png,0,2,1,0
68912.png,1,4,1,2
67412.png,1,4,0,2
68721.png,0,4,1,4
67374.png,1,5,0,3
68047.png,1,0,1,3
69359.png,0,1,0,3
67360.png,0,4,2,4
68053.png,0,7,2,4
67406.png,0,4,1,3
68735.png,0,0,2,5
69403.png,0,6,0,2
67348.png,1,4,0,3
69365.png,1,5,0,3
69371.png,0,2,0,4
69417.png,0,4,0,4
68709.png,1,4,0,4
69367.png,0,6,1,6
68079.png,0,3,1,3
69401.png,1,1,0,3
67438.png,0,1,1,5
69415.png,0,2,1,5
69373.png,1,0,1,3
67376.png,0,5,1,4
68045.png,1,4,0,3
67410.png,0,6,0,3
68723.png,1,2,0,3
67404.png,0,2,1,2
68737.png,1,4,0,3
69429.png,0,5,0,3
67362.png,0,2,1,2
68051.png,0,4,0,0
67389.png,0,6,0,2
68904.png,1,4,0,3
68910.png,1,3,1,0
68086.png,0,3,2,3
69398.png,0,4,1,0
68938.png,0,7,0,2
68092.png,0,4,1,3
69603.png,1,0,2,3
67148.png,0,1,1,4
69165.png,0,4,3,3
69171.png,0,4,2,0
69617.png,0,4,0,3
68509.png,0,4,1,3
68521.png,1,6,1,3
67612.png,0,3,1,3
68247.png,0,2,0,0
67174.png,1,0,1,4
69159.png,0,2,1,2
68253.png,0,4,1,3
67160.png,0,0,1,4
68535.png,1,1,0,4
67606.png,0,0,0,2
69818.png,0,4,0,3
67835.png,0,0,0,3
67821.png,1,4,0,3
69824.png,0,4,1,3
67809.png,0,6,0,3
68284.png,1,3,1,3
68290.png,1,2,0,3
69830.png,0,4,3,2
68469.png,0,3,1,3
67982.png,0,0,1,3
69777.png,1,0,0,3
69011.png,0,4,1,0
69005.png,1,1,0,3
67996.png,0,4,0,0
69763.png,0,0,0,3
68455.png,0,2,0,3
67766.png,0,1,0,3
69993.png,0,2,0,3
68333.png,1,3,0,4
67000.png,0,1,1,3
69039.png,1,4,0,3
68327.png,0,1,0,0
67014.png,1,6,0,3
68441.png,0,4,3,3
67772.png,1,0,1,6
69987.png,0,4,1,3
67941.png,0,4,1,0
67799.png,1,4,0,3
67955.png,1,5,0,3
69978.png,1,4,1,2
69788.png,1,4,0,3
68496.png,0,5,1,5
69950.png,0,1,0,3
67969.png,0,4,0,3
68482.png,0,4,2,4
69944.png,0,6,2,0
69213.png,0,3,2,3
69575.png,0,0,0,3
67558.png,0,4,1,2
69561.png,0,3,0,3
68119.png,0,2,0,3
69207.png,1,4,0,3
67202.png,1,1,3,3
68131.png,0,5,1,3
69549.png,1,6,1,4
67564.png,1,4,3,3
68657.png,0,6,0,3
67570.png,0,0,0,4
68643.png,0,5,1,3
67216.png,1,4,0,3
68125.png,0,4,0,3
68870.png,1,4,0,3
68864.png,0,4,1,2
68694.png,0,5,0,3
68680.png,0,2,0,0
68858.png,0,0,0,3
68859.png,0,4,1,3
68681.png,0,4,0,3
68695.png,0,4,0,2
68865.png,0,1,1,3
68871.png,0,0,3,3
68642.png,1,3,0,3
67571.png,0,4,2,3
68124.png,1,4,1,2
67217.png,0,5,3,5
68130.png,0,2,1,3
67203.png,0,4,1,0
68656.png,1,6,0,3
67565.png,1,4,0,3
69548.png,0,3,3,3
69560.png,0,6,0,3
69206.png,0,6,0,3
68118.png,1,4,0,2
69212.png,1,2,0,3
67559.png,0,2,1,3
69574.png,0,4,3,4
69945.png,0,1,2,3
68483.png,1,4,3,0
67968.png,0,0,1,2
69951.png,0,0,0,3
68497.png,0,4,1,3
69789.png,1,4,0,3
69979.png,1,0,0,3
67954.png,0,4,1,3
67798.png,1,3,0,3
67940.png,1,4,4,3
67015.png,0,4,0,2
68326.png,0,4,0,5
69038.png,1,4,1,3
69986.png,1,4,0,3
67773.png,0,6,1,2
68440.png,0,4,0,3
69992.png,1,1,0,3
67767.png,0,4,1,4
68454.png,1,0,1,3
67001.png,0,0,0,3
68332.png,1,0,3,4
67029.png,1,2,2,4
69004.png,0,4,3,2
69762.png,1,4,1,3
67997.png,0,1,1,4
69776.png,1,5,0,4
67983.png,0,3,0,3
68468.png,0,4,3,3
69010.png,0,6,1,3
68291.png,0,3,0,3
69831.png,0,2,1,5
67808.png,0,1,0,3
69825.png,1,4,0,3
68285.png,0,6,1,3
67820.png,0,1,0,2
67834.png,0,4,1,3
69819.png,1,2,3,3
67161.png,1,4,0,3
68252.png,1,1,0,3
67607.png,0,4,1,3
68534.png,0,0,1,4
67613.png,1,1,2,3
68520.png,1,2,0,3
69158.png,0,4,0,3
67175.png,0,2,2,3
68246.png,0,4,1,3
69170.png,0,6,1,3
68508.png,0,5,1,3
69616.png,0,4,0,3
69602.png,0,4,3,3
69164.png,0,4,1,5
67149.png,0,4,1,3
68093.png,1,2,0,3
69399.png,0,4,0,3
68087.png,1,4,0,3
68939.png,0,0,0,4
68911.png,0,1,0,3
67388.png,0,5,1,3
68905.png,0,4,1,3
69428.png,0,4,0,2
68736.png,1,4,1,5
67405.png,1,5,3,3
68050.png,0,4,1,3
67363.png,0,1,3,3
68044.png,0,2,0,2
67377.png,0,2,1,3
68722.png,1,3,0,4
67411.png,0,4,1,4
69414.png,1,4,1,3
67439.png,1,4,0,3
69372.png,0,3,0,3
68078.png,0,0,1,0
69366.png,1,1,1,3
69400.png,1,4,1,4
67415.png,0,0,0,0
68726.png,0,0,1,6
69438.png,0,0,1,2
67373.png,0,4,0,3
68040.png,1,3,0,4
67367.png,0,4,0,5
68054.png,0,4,3,4
67401.png,0,4,1,3
68732.png,0,5,0,3
67429.png,0,4,2,2
69404.png,1,4,0,4
69362.png,0,5,0,4
69376.png,0,4,0,3
68068.png,0,4,0,3
69410.png,1,6,1,3
68083.png,0,5,0,3
68097.png,1,0,0,3
69389.png,0,4,0,3
68929.png,0,4,3,3
68901.png,0,0,0,3
67398.png,0,6,1,3
68915.png,0,4,0,4
68242.png,0,1,0,3
67171.png,1,4,3,4
68524.png,0,3,1,3
67617.png,1,0,0,3
68530.png,0,2,0,3
67603.png,0,0,1,3
68256.png,0,0,0,3
67165.png,1,3,0,3
69148.png,1,4,1,3
69160.png,0,4,1,3
69606.png,0,0,0,3
68518.png,0,4,1,4
69612.png,0,4,0,4
67159.png,0,4,1,0
69174.png,0,4,1,0
68281.png,1,0,1,2
69821.png,1,2,2,3
69835.png,0,4,1,3
67818.png,0,0,0,2
68295.png,1,2,0,3
67830.png,0,2,0,3
69809.png,0,0,0,3
67824.png,0,3,2,4
69028.png,0,4,1,0
68336.png,0,4,3,6
67005.png,0,4,0,3
69996.png,0,5,1,3
68450.png,0,2,1,2
67763.png,0,2,1,4
69982.png,1,0,3,3
68444.png,1,2,1,2
67777.png,1,2,0,3
68322.png,1,4,0,3
67011.png,0,4,0,3
69014.png,1,4,1,3
67039.png,0,5,0,0
69772.png,1,4,1,2
67987.png,1,4,1,3
68478.png,0,5,1,3
69766.png,0,1,0,3
67993.png,0,2,0,3
69000.png,1,4,2,3
67978.png,1,4,0,3
69955.png,1,1,1,4
68493.png,0,4,1,3
69799.png,0,4,1,3
69941.png,0,1,1,4
68487.png,0,4,0,3
67944.png,1,4,1,3
69969.png,1,4,1,3
67950.png,1,1,0,5
67788.png,0,5,1,3
67561.png,0,4,0,5
68652.png,1,1,0,2
67207.png,0,1,1,0
68134.png,0,4,1,3
67213.png,0,5,3,4
68120.png,0,4,0,3
69558.png,1,4,0,3
67575.png,0,4,1,3
68646.png,1,4,0,3
69570.png,0,5,0,3
68108.png,0,4,0,4
69216.png,0,4,0,2
69202.png,0,1,0,3
69564.png,1,1,0,3
67549.png,1,4,0,3
68691.png,0,4,3,3
68849.png,1,1,0,3
68685.png,0,2,1,3
68875.png,0,1,2,3
68861.png,0,0,1,2
68860.png,1,4,2,3
68874.png,1,2,1,0
68684.png,0,4,1,3
68848.png,0,3,0,3
68690.png,0,3,1,0
69203.png,0,2,0,3
67548.png,0,0,3,3
69565.png,0,0,2,3
69571.png,1,4,0,3
69217.png,1,4,0,1
68109.png,0,5,0,0
68121.png,0,4,0,4
67212.png,0,4,2,3
68647.png,0,2,3,3
67574.png,0,4,1,4
69559.png,0,4,3,3
68653.png,0,2,1,3
67560.png,1,3,1,4
68135.png,1,5,1,0
67206.png,0,6,1,3
67789.png,0,4,1,2
67951.png,0,4,0,3
69968.png,0,3,0,2
67945.png,1,0,1,2
68486.png,0,4,1,3
69940.png,0,4,3,3
69798.png,0,4,1,5
68492.png,0,4,0,2
69954.png,1,5,0,4
67979.png,1,0,1,5
67992.png,0,4,3,2
69767.png,0,2,1,6
68479.png,0,4,1,0
69001.png,0,5,0,4
67038.png,0,5,0,2
69015.png,0,1,0,4
67986.png,0,4,3,3
69773.png,1,2,3,3
67776.png,0,4,1,2
68445.png,0,2,0,3
69983.png,0,4,0,3
67010.png,0,3,0,3
68323.png,1,6,1,3
67004.png,0,5,0,3
68337.png,1,4,1,2
69029.png,1,1,2,3
67762.png,1,4,0,0
68451.png,0,4,0,5
69997.png,0,4,1,2
67825.png,0,4,3,0
69808.png,1,4,0,3
67831.png,1,5,0,3
67819.png,0,4,0,0
69834.png,1,4,2,3
68294.png,1,4,1,5
68280.png,0,4,1,2
69820.png,1,5,0,3
69613.png,0,4,0,0
69175.png,0,0,0,0
67158.png,0,3,1,3
69161.png,1,4,0,3
68519.png,1,6,0,3
69607.png,0,4,0,3
67602.png,1,5,0,3
68531.png,1,4,1,2
69149.png,0,1,2,3
67164.png,0,6,3,2
68257.png,0,4,0,3
67170.png,0,4,0,5
68243.png,1,5,0,4
67616.png,0,4,1,3
68525.png,0,3,0,3
67399.png,0,6,1,3
68914.png,1,4,0,3
68900.png,0,5,0,0
69388.png,1,0,0,6
68096.png,1,0,3,4
68928.png,0,4,0,3
68082.png,0,2,1,0
68069.png,0,4,0,6
69377.png,0,5,0,3
69411.png,0,7,1,3
69405.png,0,1,0,3
67428.png,0,4,1,2
69363.png,1,5,0,3
68055.png,0,4,3,2
67366.png,1,4,2,4
68733.png,0,2,0,5
67400.png,0,5,0,2
69439.png,1,7,0,3
68727.png,0,4,0,0
67414.png,0,4,1,3
68041.png,0,4,0,3
67372.png,0,2,0,3
68731.png,1,2,0,3
67402.png,0,5,0,3
69349.png,1,1,0,4
68057.png,0,2,0,2
67364.png,0,0,1,5
68043.png,1,2,0,3
67370.png,1,4,1,3
68725.png,0,1,0,3
67416.png,1,4,1,2
69413.png,0,6,2,3
69375.png,1,4,1,2
67358.png,0,7,0,3
69361.png,0,2,1,0
68719.png,0,1,0,2
69407.png,1,2,0,3
68094.png,0,0,0,3
68080.png,0,4,1,4
68916.png,1,5,0,3
68902.png,0,4,0,3
67166.png,0,1,0,3
68255.png,0,3,0,3
67600.png,1,4,3,5
68533.png,0,6,0,4
69639.png,1,1,3,3
67614.png,0,6,2,3
68527.png,1,2,0,2
67172.png,1,4,0,3
68241.png,0,0,1,0
68269.png,0,4,1,2
69177.png,1,4,3,3
69611.png,1,4,1,3
69605.png,0,4,0,5
67628.png,1,4,3,3
69163.png,0,4,2,2
69188.png,0,2,3,0
68296.png,0,1,1,3
69836.png,1,1,0,6
69822.png,0,2,1,2
68282.png,0,4,3,3
67199.png,0,0,1,5
67827.png,1,2,1,3
67833.png,0,1,0,3
67012.png,0,1,1,4
68321.png,1,2,1,3
69981.png,0,0,0,0
67774.png,1,0,1,0
68447.png,1,5,1,5
69759.png,0,3,2,3
69995.png,0,1,1,3
67760.png,0,4,0,3
68453.png,1,1,3,3
67006.png,0,4,0,4
68335.png,0,4,1,5
69003.png,1,4,0,3
67748.png,1,1,0,4
69765.png,0,4,0,3
67990.png,0,4,0,3
69771.png,1,5,0,3
67984.png,1,4,0,3
69017.png,0,1,1,2
68309.png,0,4,0,2
69942.png,0,5,0,3
68484.png,0,4,0,4
69956.png,1,5,0,2
68490.png,0,4,0,3
67953.png,0,2,0,3
67947.png,0,1,1,3
68645.png,1,5,0,3
67576.png,1,0,0,5
68123.png,0,7,0,5
67210.png,1,4,0,3
68137.png,1,2,3,3
67204.png,0,4,0,6
69229.png,0,4,1,4
68889.png,0,3,1,5
68651.png,0,5,0,0
67562.png,0,4,3,4
69567.png,0,5,1,4
68679.png,0,4,1,2
69201.png,0,6,1,3
67238.png,0,2,1,3
69215.png,1,3,2,3
69573.png,0,1,1,0
68686.png,1,1,1,3
69598.png,0,0,0,6
68692.png,0,4,1,3
67589.png,0,4,0,3
68862.png,0,4,0,4
68876.png,0,4,1,3
68877.png,1,1,3,3
68863.png,0,5,1,4
67588.png,1,5,0,3
68693.png,0,5,1,3
69599.png,0,6,0,2
68687.png,0,2,1,3
69214.png,0,4,1,3
67239.png,1,1,0,3
69572.png,0,2,0,3
68678.png,0,1,3,3
69566.png,0,4,0,4
69200.png,0,1,1,3
69228.png,1,2,0,4
67205.png,1,2,0,3
68136.png,1,4,0,3
67563.png,1,4,1,4
68650.png,1,4,0,3
68888.png,0,0,0,2
67577.png,0,4,0,3
68644.png,0,4,1,3
67211.png,0,4,3,4
68122.png,0,4,0,3
67946.png,0,2,0,3
67952.png,0,0,1,4
68491.png,0,2,0,3
69957.png,1,4,1,5
68485.png,1,4,0,3
69943.png,0,4,0,0
67985.png,0,4,0,3
69770.png,1,2,0,5
68308.png,0,2,1,3
69016.png,0,4,3,3
69002.png,0,3,1,3
67991.png,0,4,0,3
69764.png,0,4,1,0
67749.png,0,0,1,5
68452.png,0,4,0,3
67761.png,0,5,0,2
69994.png,0,4,3,6
68334.png,0,4,1,3
67007.png,1,4,1,3
68320.png,0,4,0,0
67013.png,0,4,1,3
69758.png,0,1,1,0
68446.png,0,0,1,5
67775.png,1,1,0,3
69980.png,0,4,0,3
67832.png,1,4,2,3
67198.png,0,4,1,5
67826.png,1,4,0,3
69823.png,0,4,1,4
68283.png,0,4,1,3
68297.png,0,5,0,4
69189.png,0,3,1,0
69837.png,1,3,0,3
67629.png,0,0,1,4
69604.png,0,4,0,3
69162.png,0,4,1,4
69176.png,0,4,0,3
68268.png,1,4,0,3
69610.png,1,2,0,3
68526.png,0,1,0,2
67615.png,0,3,1,4
69638.png,1,5,1,2
68240.png,1,3,0,3
67173.png,0,5,2,4
68254.png,0,1,1,0
67167.png,0,4,0,4
68532.png,0,2,0,3
67601.png,0,3,2,3
68903.png,1,4,0,3
68917.png,1,6,0,3
68081.png,1,4,3,3
68095.png,1,1,1,3
69360.png,0,4,0,3
69406.png,1,1,1,3
68718.png,0,6,0,5
69412.png,0,3,2,3
67359.png,0,4,2,3
69374.png,0,4,1,2
67371.png,0,6,0,3
68042.png,0,4,1,4
67417.png,1,0,1,3
68724.png,0,2,2,3
67403.png,0,4,2,4
68730.png,0,4,0,3
67365.png,1,4,1,3
68056.png,1,4,1,3
69348.png,1,4,0,4
